PLLID,PLLParentListID,PLLSubListID,PLLQty,PLLLevel,PLLCost,PLLItemNumber
1,1,2,1.00000000e+00,0,0.00000000e+00,2
2,2,3,1.00000000e+00,0,0.00000000e+00,1
3,19,1,0.00000000e+00,0,0.00000000e+00,1
4,1,20,1.00000000e+00,0,0.00000000e+00,1
